[
  {
    "id": "bfba33af-9ea1-48ed-9f6b-042b86bf0bfc",
    "data": [
      {
        "text": "can you look up ",
        "userDefined": false
      },
      {
        "text": "discipline",
        "meta": "@Topic",
        "alias": "topic",
        "userDefined": true
      },
      {
        "text": "?",
        "userDefined": false
      }
    ],
    "isTemplate": false,
    "count": 0,
    "lang": "en",
    "updated": 0
  },
  {
    "id": "88fcb037-cb0b-4b72-a9d8-d625c6a644e0",
    "data": [
      {
        "text": "tell me about ",
        "userDefined": false
      },
      {
        "text": "annual salary",
        "meta": "@Topic",
        "alias": "topic",
        "userDefined": true
      },
      {
        "text": ".",
        "userDefined": false
      }
    ],
    "isTemplate": false,
    "count": 0,
    "lang": "en",
    "updated": 0
  },
  {
    "id": "22fab001-4e05-41e7-89b7-30aa96942d25",
    "data": [
      {
        "text": "tell me about ",
        "userDefined": false
      },
      {
        "text": "discipline",
        "meta": "@Topic",
        "alias": "topic",
        "userDefined": true
      },
      {
        "text": ".",
        "userDefined": false
      }
    ],
    "isTemplate": false,
    "count": 0,
    "lang": "en",
    "updated": 0
  },
  {
    "id": "50610ded-4c4b-4074-970c-7ef8bd216260",
    "data": [
      {
        "text": "What are ",
        "userDefined": false
      },
      {
        "text": "hours of work",
        "meta": "@Topic",
        "alias": "topic",
        "userDefined": true
      },
      {
        "text": "?",
        "userDefined": false
      }
    ],
    "isTemplate": false,
    "count": 0,
    "lang": "en",
    "updated": 0
  },
  {
    "id": "00adb2ef-1f3a-42d1-adcb-dff410172df3",
    "data": [
      {
        "text": "where can i find out about ",
        "userDefined": false
      },
      {
        "text": "discipline?",
        "meta": "@Topic",
        "alias": "topic",
        "userDefined": true
      }
    ],
    "isTemplate": false,
    "count": 0,
    "lang": "en",
    "updated": 0
  },
  {
    "id": "0f29a0cb-7cf8-4e03-a358-203310f264b4",
    "data": [
      {
        "text": "i want to know about ",
        "userDefined": false
      },
      {
        "text": "discipline",
        "meta": "@Topic",
        "alias": "topic",
        "userDefined": true
      }
    ],
    "isTemplate": false,
    "count": 0,
    "lang": "en",
    "updated": 0
  },
  {
    "id": "87121aea-38b6-4c11-8e39-60cdd7c739af",
    "data": [
      {
        "text": "what is ",
        "userDefined": false
      },
      {
        "text": "discipline?",
        "meta": "@Topic",
        "alias": "topic",
        "userDefined": true
      }
    ],
    "isTemplate": false,
    "count": 0,
    "lang": "en",
    "updated": 0
  },
  {
    "id": "0a0f21ed-6708-44aa-aec8-aba6d71c0cea",
    "data": [
      {
        "text": "what is your ",
        "userDefined": false
      },
      {
        "text": "discipline?",
        "meta": "@Topic",
        "alias": "topic",
        "userDefined": true
      }
    ],
    "isTemplate": false,
    "count": 0,
    "lang": "en",
    "updated": 0
  }
]